<?xml version="1.0" encoding="UTF-8"?>
<project-private xmlns="http://www.netbeans.org/ns/project-private/1">
    <editor-bookmarks xmlns="http://www.netbeans.org/ns/editor-bookmarks/2" lastBookmarkId="0"/>
    <open-files xmlns="http://www.netbeans.org/ns/projectui-open-files/2">
        <group>
            <file>file:/home/daniel/Documentos/LienzoArbol/src/lienzoarbol/LienzoArbol.java</file>
            <file>file:/home/daniel/Documentos/LienzoArbol/src/lienzoarbol/Controlador.java</file>
            <file>file:/home/daniel/Documentos/LienzoArbol/src/logica/Arbol.java</file>
            <file>file:/home/daniel/Documentos/LienzoArbol/src/logica/Nodo.java</file>
            <file>file:/home/daniel/Documentos/LienzoArbol/src/lienzoarbol/Lienzo.java</file>
        </group>
    </open-files>
</project-private>
